country_name,3 letter country code,Total deceased
Afghanistan,AFG,14432
Albania,ALB,3586
Algeria,DZA,6879
American Samoa,ASM,34
Andorra,AND,155
Angola,AGO,1917
Anguilla,AIA,12
Antigua and Barbuda,ATG,145
Argentina,ARG,379720
Armenia,ARM,8669
Aruba,ABW,228
Australia,AUS,28950
Austria,AUT,61992
Azerbaijan,AZE,9873
Bahamas,BHS,830
Bahrain,BHR,1518
Bangladesh,BGD,29337
Barbados,BRB,558
Belarus,BLR,7118
Belgium,BEL,32605
Belize,BLZ,680
Benin,BEN,163
Bermuda,BMU,148
Bhutan,BTN,21
Bolivia,BOL,22218
Bosnia and Herzegovina,BIH,16104
Botswana,BWA,2779
Brazil,BRA,2220286
British Virgin Islands,VGB,64
Brunei,BRN,130
Bulgaria,BGR,37663
Burkina Faso,BFA,387
Burundi,BDI,15
Cambodia,KHM,3056
Cameroon,CMR,1935
Canada,CAN,167195
Cape Verde,CPV,410
Cayman Islands,CYM,31
Central African Republic,CAF,113
Chad,TCD,193
Chile,CHL,194597
China,CHN,32624
Colombia,COL,476778
Comoros,COM,160
Cook Islands,COK,1
Costa Rica,CRI,8913
Croatia,HRV,16817
Cuba,CUB,8530
Curaçao,CUW,287
Cyprus,CYP,1173
Czech Republic,CZE,122796
Democratic Republic of the Congo,COD,1422
Denmark,DNK,6987
Djibouti,DJI,189
Dominica,DMA,68
Dominican Republic,DOM,4384
East Timor,TLS,138
Ecuador,ECU,35884
Egypt,EGY,24796
El Salvador,SLV,4228
Equatorial Guinea,GNQ,183
Eritrea,ERI,103
Estonia,EST,2661
Ethiopia,ETH,7572
Falkland Islands,FLK,0
Faroe Islands,FRO,28
Fiji,FJI,878
Finland,FIN,5858
France,FRA,320054
French Guiana,GUF,409
French Polynesia,PYF,649
Gabon,GAB,306
Gambia,GMB,372
Georgia,GEO,16900
Germany,DEU,389150
Ghana,GHA,1459
Gibraltar,GIB,108
Greece,GRC,32894
Greenland,GRL,21
Grenada,GRD,236
Guam,GUM,394
Guatemala,GTM,19684
Guernsey,GGY,62
Guinea,GIN,449
Guinea-Bissau,GNB,175
Guyana,GUY,1279
Haiti,HTI,1505
Honduras,HND,10989
Hong Kong,HKG,216
Hungary,HUN,47409
Iceland,ISL,213
India,IND,1501682
Indonesia,IDN,364925
Iran,IRN,144243
Iraq,IRQ,25348
Ireland,IRL,7901
Isle of Man,IMN,116
Israel,ISR,19625
Italy,ITA,352921
Ivory Coast,CIV,822
Jamaica,JAM,3286
Japan,JPN,85733
Jersey,JEY,137
Jordan,JOR,14114
Kazakhstan,KAZ,19047
Kenya,KEN,5675
Kiribati,KIR,13
Kosovo,RKS,3189
Kuwait,KWT,2563
Kyrgyzstan,KGZ,2991
Laos,LAO,757
Latvia,LVA,5965
Lebanon,LBN,10650
Lesotho,LSO,704
Liberia,LBR,294
Libya,LBY,6685
Liechtenstein,LIE,85
Lithuania,LTU,9301
Luxembourg,LUX,1126
Macau,MAC,6
Macedonia,MKD,9516
Madagascar,MDG,1410
Malawi,MWI,2675
Malaysia,MYS,72598
Maldives,MDV,308
Mali,MLI,739
Malta,MLT,803
Marshall Islands,MHL,17
Martinique,MTQ,1036
Mauritania,MRT,993
Mauritius,MUS,1024
Mayotte,MYT,187
Mexico,MEX,375972
Micronesia,FSM,30
Moldova,MDA,11808
Monaco,MCO,63
Mongolia,MNG,2130
Montenegro,MNE,2778
Montserrat,MSR,8
Morocco,MAR,16276
Mozambique,MOZ,4411
Myanmar,MMR,19444
Namibia,NAM,4077
Nauru,NRU,1
Nepal,NPL,12015
Netherlands,NLD,133015
New Caledonia,NCL,314
New Zealand,NZL,2955
Nicaragua,NIC,244
Niger,NER,312
Nigeria,NGA,3154
Niue,NIU,0
North Korea,PRK,0
Northern Mariana Islands,MNP,40
Norway,NOR,4038
Oman,OMN,4628
Pakistan,PAK,30349
Palau,PLW,6
Palestine,PSE,5707
Panama,PAN,8487
Papua New Guinea,PNG,664
Paraguay,PRY,19530
Peru,PER,625820
Philippines,PHL,129872
Pitcairn Islands,PCN,0
Poland,POL,321210
Portugal,PRT,26581
Puerto Rico,PRI,5053
Qatar,QAT,682
Republic of the Congo,COG,386
Romania,ROU,65122
Russia,RUS,706791
Rwanda,RWA,1466
Réunion,REU,884
Saint Helena,SHN,0
Saint Kitts and Nevis,KNA,46
Saint Lucia,LCA,393
Saint Vincent and the Grenadines,VCT,116
Samoa,WSM,29
San Marino,SMR,118
Saudi Arabia,SAU,9322
Senegal,SEN,1968
Serbia,SRB,16846
Seychelles,SYC,169
Sierra Leone,SLE,219
Singapore,SGP,1604
Sint Maarten,SXM,87
Slovakia,SVK,20426
Slovenia,SVN,7234
Solomon Islands,SLB,153
Somalia,SOM,1361
South Africa,ZAF,249432
South Korea,KOR,27929
South Sudan,SSD,138
Spain,ESP,217985
Sri Lanka,LKA,16737
Sudan,SDN,4961
Suriname,SUR,1384
Swaziland,SWZ,1422
Sweden,SWE,40106
Switzerland,CHE,27100
Syria,SYR,3163
São Tomé and Príncipe,STP,76
Taiwan,TWN,10423
Tajikistan,TJK,125
Tanzania,TZA,845
Thailand,THA,65182
Togo,TGO,284
Tokelau,TKL,0
Tonga,TON,12
Trinidad and Tobago,TTO,4176
Tunisia,TUN,29243
Turkey,TUR,101068
Turkmenistan,TKM,0
Turks and Caicos Islands,TCA,36
Tuvalu,TUV,0
Uganda,UGA,3628
Ukraine,UKR,223145
United Arab Emirates,ARE,2342
United Kingdom,GBR,563933
United States Virgin Islands,VIR,123
United States of America,USA,3054446
Uruguay,URY,7462
Uzbekistan,UZB,1637
Vanuatu,VUT,14
Vatican City,VAT,0
Venezuela,VEN,5809
Vietnam,VNM,43132
Wallis and Futuna,WLF,7
Yemen,YEM,2155
Zambia,ZMB,4017
Zimbabwe,ZWE,5596
